scenarioId,action,observedCount,validCounterfactualCount,invalidCounterfactualCount,inputUnavailableTransitions,outcomeUnresolvedTransitions,observedSupportStatus
SYNTHETIC_RESEARCH_PORTFOLIO_C_10000_V0.1,WAIT,248880,249917,999370,0,1037,OBSERVED_BEHAVIOR
SYNTHETIC_RESEARCH_PORTFOLIO_C_10000_V0.1,BUY_SMALL,1037,268,999370,0,1037,OBSERVED_BEHAVIOR
SYNTHETIC_RESEARCH_PORTFOLIO_C_10000_V0.1,BUY,0,30,999370,0,1037,UNSEEN_IN_LOGGED_POLICY
SYNTHETIC_RESEARCH_PORTFOLIO_C_10000_V0.1,SELL_PART,0,0,999370,0,1037,UNSEEN_IN_LOGGED_POLICY
SYNTHETIC_RESEARCH_PORTFOLIO_C_10000_V0.1,SELL_ALL,0,0,999370,0,1037,UNSEEN_IN_LOGGED_POLICY
SYNTHETIC_RESEARCH_PORTFOLIO_B_LONG_INVENTORY_V0.1,WAIT,248880,249917,505758,0,1037,OBSERVED_BEHAVIOR
SYNTHETIC_RESEARCH_PORTFOLIO_B_LONG_INVENTORY_V0.1,BUY_SMALL,1037,268,505758,0,1037,OBSERVED_BEHAVIOR
SYNTHETIC_RESEARCH_PORTFOLIO_B_LONG_INVENTORY_V0.1,BUY,0,30,505758,0,1037,UNSEEN_IN_LOGGED_POLICY
SYNTHETIC_RESEARCH_PORTFOLIO_B_LONG_INVENTORY_V0.1,SELL_PART,0,246806,505758,0,1037,UNSEEN_IN_LOGGED_POLICY
SYNTHETIC_RESEARCH_PORTFOLIO_B_LONG_INVENTORY_V0.1,SELL_ALL,0,246806,505758,0,1037,UNSEEN_IN_LOGGED_POLICY
SYNTHETIC_RESEARCH_PORTFOLIO_C_LARGER_INVENTORY_V0.1,WAIT,248880,249917,505758,0,1037,OBSERVED_BEHAVIOR
SYNTHETIC_RESEARCH_PORTFOLIO_C_LARGER_INVENTORY_V0.1,BUY_SMALL,1037,268,505758,0,1037,OBSERVED_BEHAVIOR
SYNTHETIC_RESEARCH_PORTFOLIO_C_LARGER_INVENTORY_V0.1,BUY,0,30,505758,0,1037,UNSEEN_IN_LOGGED_POLICY
SYNTHETIC_RESEARCH_PORTFOLIO_C_LARGER_INVENTORY_V0.1,SELL_PART,0,246806,505758,0,1037,UNSEEN_IN_LOGGED_POLICY
SYNTHETIC_RESEARCH_PORTFOLIO_C_LARGER_INVENTORY_V0.1,SELL_ALL,0,246806,505758,0,1037,UNSEEN_IN_LOGGED_POLICY
