scenarioId,sourceType,action,observedExpertCount,baselineCount,status
SYNTHETIC_RESEARCH_PORTFOLIO_C_10000_V0.1,OBSERVED_EXPERT,WAIT,0,0,EXPERT_ACTION_SOURCE_UNAVAILABLE
SYNTHETIC_RESEARCH_PORTFOLIO_C_10000_V0.1,SYNTHETIC_FIXED_SCHEDULE_BASELINE,WAIT,0,248880,BASELINE_ONLY
SYNTHETIC_RESEARCH_PORTFOLIO_C_10000_V0.1,OBSERVED_EXPERT,BUY_SMALL,0,0,EXPERT_ACTION_SOURCE_UNAVAILABLE
SYNTHETIC_RESEARCH_PORTFOLIO_C_10000_V0.1,SYNTHETIC_FIXED_SCHEDULE_BASELINE,BUY_SMALL,0,1037,BASELINE_ONLY
SYNTHETIC_RESEARCH_PORTFOLIO_C_10000_V0.1,OBSERVED_EXPERT,BUY,0,0,EXPERT_ACTION_SOURCE_UNAVAILABLE
SYNTHETIC_RESEARCH_PORTFOLIO_C_10000_V0.1,SYNTHETIC_FIXED_SCHEDULE_BASELINE,BUY,0,0,BASELINE_ONLY
SYNTHETIC_RESEARCH_PORTFOLIO_C_10000_V0.1,OBSERVED_EXPERT,SELL_PART,0,0,EXPERT_ACTION_SOURCE_UNAVAILABLE
SYNTHETIC_RESEARCH_PORTFOLIO_C_10000_V0.1,SYNTHETIC_FIXED_SCHEDULE_BASELINE,SELL_PART,0,0,BASELINE_ONLY
SYNTHETIC_RESEARCH_PORTFOLIO_C_10000_V0.1,OBSERVED_EXPERT,SELL_ALL,0,0,EXPERT_ACTION_SOURCE_UNAVAILABLE
SYNTHETIC_RESEARCH_PORTFOLIO_C_10000_V0.1,SYNTHETIC_FIXED_SCHEDULE_BASELINE,SELL_ALL,0,0,BASELINE_ONLY
SYNTHETIC_RESEARCH_PORTFOLIO_B_LONG_INVENTORY_V0.1,OBSERVED_EXPERT,WAIT,0,0,EXPERT_ACTION_SOURCE_UNAVAILABLE
SYNTHETIC_RESEARCH_PORTFOLIO_B_LONG_INVENTORY_V0.1,SYNTHETIC_FIXED_SCHEDULE_BASELINE,WAIT,0,248880,BASELINE_ONLY
SYNTHETIC_RESEARCH_PORTFOLIO_B_LONG_INVENTORY_V0.1,OBSERVED_EXPERT,BUY_SMALL,0,0,EXPERT_ACTION_SOURCE_UNAVAILABLE
SYNTHETIC_RESEARCH_PORTFOLIO_B_LONG_INVENTORY_V0.1,SYNTHETIC_FIXED_SCHEDULE_BASELINE,BUY_SMALL,0,1037,BASELINE_ONLY
SYNTHETIC_RESEARCH_PORTFOLIO_B_LONG_INVENTORY_V0.1,OBSERVED_EXPERT,BUY,0,0,EXPERT_ACTION_SOURCE_UNAVAILABLE
SYNTHETIC_RESEARCH_PORTFOLIO_B_LONG_INVENTORY_V0.1,SYNTHETIC_FIXED_SCHEDULE_BASELINE,BUY,0,0,BASELINE_ONLY
SYNTHETIC_RESEARCH_PORTFOLIO_B_LONG_INVENTORY_V0.1,OBSERVED_EXPERT,SELL_PART,0,0,EXPERT_ACTION_SOURCE_UNAVAILABLE
SYNTHETIC_RESEARCH_PORTFOLIO_B_LONG_INVENTORY_V0.1,SYNTHETIC_FIXED_SCHEDULE_BASELINE,SELL_PART,0,0,BASELINE_ONLY
SYNTHETIC_RESEARCH_PORTFOLIO_B_LONG_INVENTORY_V0.1,OBSERVED_EXPERT,SELL_ALL,0,0,EXPERT_ACTION_SOURCE_UNAVAILABLE
SYNTHETIC_RESEARCH_PORTFOLIO_B_LONG_INVENTORY_V0.1,SYNTHETIC_FIXED_SCHEDULE_BASELINE,SELL_ALL,0,0,BASELINE_ONLY
SYNTHETIC_RESEARCH_PORTFOLIO_C_LARGER_INVENTORY_V0.1,OBSERVED_EXPERT,WAIT,0,0,EXPERT_ACTION_SOURCE_UNAVAILABLE
SYNTHETIC_RESEARCH_PORTFOLIO_C_LARGER_INVENTORY_V0.1,SYNTHETIC_FIXED_SCHEDULE_BASELINE,WAIT,0,248880,BASELINE_ONLY
SYNTHETIC_RESEARCH_PORTFOLIO_C_LARGER_INVENTORY_V0.1,OBSERVED_EXPERT,BUY_SMALL,0,0,EXPERT_ACTION_SOURCE_UNAVAILABLE
SYNTHETIC_RESEARCH_PORTFOLIO_C_LARGER_INVENTORY_V0.1,SYNTHETIC_FIXED_SCHEDULE_BASELINE,BUY_SMALL,0,1037,BASELINE_ONLY
SYNTHETIC_RESEARCH_PORTFOLIO_C_LARGER_INVENTORY_V0.1,OBSERVED_EXPERT,BUY,0,0,EXPERT_ACTION_SOURCE_UNAVAILABLE
SYNTHETIC_RESEARCH_PORTFOLIO_C_LARGER_INVENTORY_V0.1,SYNTHETIC_FIXED_SCHEDULE_BASELINE,BUY,0,0,BASELINE_ONLY
SYNTHETIC_RESEARCH_PORTFOLIO_C_LARGER_INVENTORY_V0.1,OBSERVED_EXPERT,SELL_PART,0,0,EXPERT_ACTION_SOURCE_UNAVAILABLE
SYNTHETIC_RESEARCH_PORTFOLIO_C_LARGER_INVENTORY_V0.1,SYNTHETIC_FIXED_SCHEDULE_BASELINE,SELL_PART,0,0,BASELINE_ONLY
SYNTHETIC_RESEARCH_PORTFOLIO_C_LARGER_INVENTORY_V0.1,OBSERVED_EXPERT,SELL_ALL,0,0,EXPERT_ACTION_SOURCE_UNAVAILABLE
SYNTHETIC_RESEARCH_PORTFOLIO_C_LARGER_INVENTORY_V0.1,SYNTHETIC_FIXED_SCHEDULE_BASELINE,SELL_ALL,0,0,BASELINE_ONLY
