scenarioId,action,loggedExpertCount,counterfactualValidCount,counterfactualInvalidCount,inputUnavailableCount,status
SYNTHETIC_RESEARCH_PORTFOLIO_C_10000_V0.1,WAIT,248880,249917,0,0,OBSERVED_BEHAVIOR
SYNTHETIC_RESEARCH_PORTFOLIO_C_10000_V0.1,BUY_SMALL,1037,246806,3111,0,OBSERVED_BEHAVIOR
SYNTHETIC_RESEARCH_PORTFOLIO_C_10000_V0.1,BUY,0,245612,4305,0,COUNTERFACTUAL_ONLY
SYNTHETIC_RESEARCH_PORTFOLIO_C_10000_V0.1,SELL_PART,0,0,249917,0,UNSEEN_IN_LOGGED_POLICY
SYNTHETIC_RESEARCH_PORTFOLIO_C_10000_V0.1,SELL_ALL,0,0,249917,0,UNSEEN_IN_LOGGED_POLICY
SYNTHETIC_RESEARCH_PORTFOLIO_B_LONG_INVENTORY_V0.1,WAIT,248880,249917,0,0,OBSERVED_BEHAVIOR
SYNTHETIC_RESEARCH_PORTFOLIO_B_LONG_INVENTORY_V0.1,BUY_SMALL,1037,246806,3111,0,OBSERVED_BEHAVIOR
SYNTHETIC_RESEARCH_PORTFOLIO_B_LONG_INVENTORY_V0.1,BUY,0,245612,4305,0,COUNTERFACTUAL_ONLY
SYNTHETIC_RESEARCH_PORTFOLIO_B_LONG_INVENTORY_V0.1,SELL_PART,0,246806,3111,0,COUNTERFACTUAL_ONLY
SYNTHETIC_RESEARCH_PORTFOLIO_B_LONG_INVENTORY_V0.1,SELL_ALL,0,246806,3111,0,COUNTERFACTUAL_ONLY
SYNTHETIC_RESEARCH_PORTFOLIO_C_LARGER_INVENTORY_V0.1,WAIT,248880,249917,0,0,OBSERVED_BEHAVIOR
SYNTHETIC_RESEARCH_PORTFOLIO_C_LARGER_INVENTORY_V0.1,BUY_SMALL,1037,246806,3111,0,OBSERVED_BEHAVIOR
SYNTHETIC_RESEARCH_PORTFOLIO_C_LARGER_INVENTORY_V0.1,BUY,0,245612,4305,0,COUNTERFACTUAL_ONLY
SYNTHETIC_RESEARCH_PORTFOLIO_C_LARGER_INVENTORY_V0.1,SELL_PART,0,246806,3111,0,COUNTERFACTUAL_ONLY
SYNTHETIC_RESEARCH_PORTFOLIO_C_LARGER_INVENTORY_V0.1,SELL_ALL,0,246806,3111,0,COUNTERFACTUAL_ONLY
